{
    "loss": 6.213533401489258,
    "accuracy": 0.5686274766921997
}