{
    "loss": 6.392778396606445,
    "accuracy": 0.686274528503418
}