{
    "loss": 4.251509189605713,
    "accuracy": 0.6274510025978088
}